year_month_day,time_limit,subject,trials,sessions
2025-04-26,ON,ACV001,1249,3
2025-04-26,ON,ACV002,736,2
2025-04-26,ON,ACV003,1046,3
2025-04-26,ON,ACV004,333,2
2025-04-26,ON,ACV005,713,3
2025-04-26,ON,ACV006,953,3
2025-04-26,ON,ACV007,840,3
2025-04-26,ON,ACV008,870,3
2025-04-26,ON,ACV009,1101,2
2025-04-26,ON,ACV010,709,2
2025-04-27,ON,ACV001,1247,3
2025-04-27,ON,ACV002,717,2
2025-04-27,ON,ACV003,898,2
2025-04-27,ON,ACV004,449,2
2025-04-27,ON,ACV005,626,2
2025-04-27,ON,ACV006,692,2
2025-04-27,ON,ACV007,992,3
2025-04-27,ON,ACV008,733,2
2025-04-27,ON,ACV009,552,1
2025-04-27,ON,ACV010,856,2
2025-04-28,ON,ACV001,760,2
2025-04-28,ON,ACV002,388,1
2025-04-28,ON,ACV003,670,2
2025-04-28,ON,ACV004,589,2
2025-04-28,ON,ACV005,272,1
2025-04-28,ON,ACV006,836,2
2025-04-28,ON,ACV007,313,1
2025-04-28,ON,ACV008,721,2
2025-04-28,ON,ACV009,1281,2
2025-04-28,ON,ACV010,446,1
2025-04-29,ON,ACV001,1133,3
2025-04-29,ON,ACV002,811,2
2025-04-29,ON,ACV003,715,2
2025-04-29,ON,ACV004,800,2
2025-04-29,ON,ACV005,762,2
2025-04-29,ON,ACV006,1279,3
2025-04-29,ON,ACV007,1279,3
2025-04-29,ON,ACV008,715,2
2025-04-29,ON,ACV009,1524,3
2025-04-29,ON,ACV010,1230,2
2025-04-30,ON,ACV001,1198,3
2025-04-30,ON,ACV002,1304,3
2025-04-30,ON,ACV003,1523,3
2025-04-30,ON,ACV004,1077,3
2025-04-30,ON,ACV005,621,2
2025-04-30,ON,ACV006,1095,2
2025-04-30,ON,ACV007,1027,3
2025-04-30,ON,ACV008,1439,4
2025-04-30,ON,ACV009,1036,2
2025-04-30,ON,ACV010,936,2
2025-05-01,ON,ACV001,1042,3
2025-05-01,ON,ACV002,1108,3
2025-05-01,ON,ACV003,1236,3
2025-05-01,ON,ACV004,1089,3
2025-05-01,ON,ACV005,1250,3
2025-05-01,ON,ACV006,1446,3
2025-05-01,ON,ACV007,789,2
2025-05-01,ON,ACV008,709,2
2025-05-01,ON,ACV009,1312,3
2025-05-01,ON,ACV010,1823,3
2025-05-02,ON,ACV001,1280,3
2025-05-02,ON,ACV002,1106,3
2025-05-02,ON,ACV003,705,2
2025-05-02,ON,ACV004,962,3
2025-05-02,ON,ACV005,1070,3
2025-05-02,ON,ACV006,1169,3
2025-05-02,ON,ACV007,972,3
2025-05-02,ON,ACV008,1403,4
2025-05-02,ON,ACV009,1347,3
2025-05-02,ON,ACV010,1086,3
2025-05-03,ON,ACV001,643,2
2025-05-03,ON,ACV002,1217,3
2025-05-03,ON,ACV003,1090,3
2025-05-03,ON,ACV004,746,3
2025-05-03,ON,ACV005,947,3
2025-05-03,ON,ACV006,648,2
2025-05-03,ON,ACV007,1063,3
2025-05-03,ON,ACV008,929,3
2025-05-03,ON,ACV009,1638,3
2025-05-03,ON,ACV010,1429,3
2025-05-04,ON,ACV001,864,3
2025-05-04,ON,ACV002,955,2
2025-05-04,ON,ACV003,1260,3
2025-05-04,ON,ACV004,563,2
2025-05-04,ON,ACV005,966,3
2025-05-04,ON,ACV006,1096,3
2025-05-04,ON,ACV007,661,2
2025-05-04,ON,ACV008,752,2
2025-05-04,ON,ACV009,882,2
2025-05-04,ON,ACV010,1202,3
2025-05-05,ON,ACV001,791,3
2025-05-05,ON,ACV002,794,2
2025-05-05,ON,ACV003,661,2
2025-05-05,ON,ACV004,773,2
2025-05-05,ON,ACV005,500,2
2025-05-05,ON,ACV006,532,2
2025-05-05,ON,ACV007,634,3
2025-05-05,ON,ACV008,516,3
2025-05-05,ON,ACV009,836,2
2025-05-05,ON,ACV010,1020,3
2025-05-06,ON,ACV001,806,3
2025-05-06,ON,ACV002,1140,3
2025-05-06,ON,ACV003,1052,3
2025-05-06,ON,ACV004,871,3
2025-05-06,ON,ACV005,524,2
2025-05-06,ON,ACV006,898,3
2025-05-06,ON,ACV007,1042,3
2025-05-06,ON,ACV008,1026,3
2025-05-06,ON,ACV009,1197,3
2025-05-06,ON,ACV010,1095,3
2025-05-07,ON,ACV001,783,3
2025-05-07,ON,ACV002,772,2
2025-05-07,ON,ACV003,952,3
2025-05-07,ON,ACV004,477,2
2025-05-07,ON,ACV005,826,3
2025-05-07,ON,ACV006,1069,3
2025-05-07,ON,ACV007,1043,3
2025-05-07,ON,ACV008,1029,3
2025-05-07,ON,ACV009,1262,3
2025-05-07,ON,ACV010,1191,3
2025-05-08,ON,ACV001,1300,4
2025-05-08,ON,ACV002,880,2
2025-05-08,ON,ACV003,853,2
2025-05-08,ON,ACV004,477,1
2025-05-08,ON,ACV005,371,1
2025-05-08,ON,ACV006,617,2
2025-05-08,ON,ACV007,400,1
2025-05-08,ON,ACV008,1114,3
2025-05-08,ON,ACV009,1302,3
2025-05-08,ON,ACV010,472,3
2025-05-09,ON,ACV001,602,2
2025-05-09,ON,ACV002,927,2
2025-05-09,ON,ACV003,712,2
2025-05-09,ON,ACV004,779,2
2025-05-09,ON,ACV005,970,3
2025-05-09,ON,ACV006,663,2
2025-05-09,ON,ACV007,417,1
2025-05-09,ON,ACV008,798,3
2025-05-09,ON,ACV009,1160,3
2025-05-09,ON,ACV010,1003,2
2025-05-10,ON,ACV001,994,3
2025-05-10,ON,ACV002,1054,3
2025-05-10,ON,ACV003,1300,3
2025-05-10,ON,ACV004,855,2
2025-05-10,ON,ACV005,320,2
2025-05-10,ON,ACV006,948,3
2025-05-10,ON,ACV007,833,2
2025-05-10,ON,ACV008,574,2
2025-05-10,ON,ACV009,398,2
2025-05-10,ON,ACV010,1018,2
2025-05-11,ON,ACV001,332,1
2025-05-11,ON,ACV002,586,1
2025-05-11,ON,ACV005,213,1
2025-05-11,ON,ACV006,565,1
2025-05-11,ON,ACV007,190,1
2025-05-11,ON,ACV008,431,1
2025-05-11,ON,ACV009,413,1
2025-05-11,ON,ACV010,428,1
2025-05-12,ON,ACV001,1330,3
2025-05-12,ON,ACV002,1187,3
2025-05-12,ON,ACV003,1475,3
2025-05-12,ON,ACV004,1113,3
2025-05-12,ON,ACV005,628,2
2025-05-12,ON,ACV006,1197,3
2025-05-12,ON,ACV007,1202,3
2025-05-12,ON,ACV008,966,3
2025-05-12,ON,ACV009,1530,3
2025-05-12,ON,ACV010,2036,4
2025-05-13,ON,ACV001,646,2
2025-05-13,ON,ACV002,836,2
2025-05-13,ON,ACV003,1057,2
2025-05-13,ON,ACV004,828,2
2025-05-13,ON,ACV005,590,2
2025-05-13,ON,ACV006,593,2
2025-05-13,ON,ACV007,693,2
2025-05-13,ON,ACV008,787,2
2025-05-13,ON,ACV009,1050,2
2025-05-13,ON,ACV010,965,2
2025-05-14,ON,ACV001,933,2
2025-05-14,ON,ACV002,1050,2
2025-05-14,ON,ACV003,1692,3
2025-05-14,ON,ACV004,872,2
2025-05-14,ON,ACV005,731,2
2025-05-14,ON,ACV006,811,2
2025-05-14,ON,ACV007,916,2
2025-05-14,ON,ACV008,1188,2
2025-05-14,ON,ACV009,1126,2
2025-05-14,ON,ACV010,884,2
2025-05-15,ON,ACV001,1513,4
2025-05-15,ON,ACV002,727,2
2025-05-15,ON,ACV003,1279,3
2025-05-15,ON,ACV004,979,3
2025-05-15,ON,ACV005,679,2
2025-05-15,ON,ACV006,882,2
2025-05-15,ON,ACV007,1004,3
2025-05-15,ON,ACV008,1057,3
2025-05-15,ON,ACV009,1779,4
2025-05-15,ON,ACV010,1592,4
2025-05-16,ON,ACV001,976,3
2025-05-16,ON,ACV002,1292,3
2025-05-16,ON,ACV003,1206,3
2025-05-16,ON,ACV004,718,3
2025-05-16,ON,ACV005,1007,3
2025-05-16,ON,ACV006,1166,3
2025-05-16,ON,ACV007,714,3
2025-05-16,ON,ACV008,1116,3
2025-05-16,ON,ACV009,669,2
2025-05-16,ON,ACV010,831,2
2025-05-17,ON,ACV001,828,2
2025-05-17,ON,ACV002,1277,3
2025-05-17,ON,ACV003,1157,3
2025-05-17,ON,ACV004,699,3
2025-05-17,ON,ACV005,1000,3
2025-05-17,ON,ACV006,1036,3
2025-05-17,ON,ACV007,728,3
2025-05-17,ON,ACV008,1192,3
2025-05-17,ON,ACV009,1390,4
2025-05-17,ON,ACV010,997,3
2025-05-18,ON,ACV001,658,2
2025-05-18,ON,ACV002,1154,3
2025-05-18,ON,ACV003,1124,3
2025-05-18,ON,ACV004,1041,4
2025-05-18,ON,ACV005,793,3
2025-05-18,ON,ACV006,1006,3
2025-05-18,ON,ACV007,806,3
2025-05-18,ON,ACV008,1090,3
2025-05-18,ON,ACV009,796,2
2025-05-18,ON,ACV010,1362,3
2025-05-19,ON,ACV001,1264,3
2025-05-19,ON,ACV002,832,2
2025-05-19,ON,ACV003,1080,3
2025-05-19,ON,ACV004,552,2
2025-05-19,ON,ACV005,884,3
2025-05-19,ON,ACV006,918,3
2025-05-19,ON,ACV007,1052,3
2025-05-19,ON,ACV008,1000,3
2025-05-19,ON,ACV009,1087,3
2025-05-19,ON,ACV010,1035,3
2025-05-20,ON,ACV001,890,3
2025-05-20,ON,ACV002,1106,3
2025-05-20,ON,ACV003,624,2
2025-05-20,ON,ACV004,849,2
2025-05-20,ON,ACV005,657,3
2025-05-20,ON,ACV006,690,2
2025-05-20,ON,ACV007,1184,4
2025-05-20,ON,ACV008,619,2
2025-05-20,ON,ACV009,1742,4
2025-05-20,ON,ACV010,1334,4
2025-05-21,ON,ACV001,678,3
2025-05-21,ON,ACV002,955,3
2025-05-21,ON,ACV003,952,4
2025-05-21,ON,ACV004,601,3
2025-05-21,ON,ACV005,523,3
2025-05-21,ON,ACV006,749,2
2025-05-21,ON,ACV007,764,3
2025-05-21,ON,ACV008,788,4
2025-05-21,ON,ACV009,680,2
2025-05-21,ON,ACV010,371,3
2025-05-22,ON,ACV001,792,4
2025-05-22,ON,ACV002,57,2
2025-05-22,ON,ACV003,396,3
2025-05-22,ON,ACV004,572,4
2025-05-22,ON,ACV005,217,3
2025-05-22,ON,ACV006,748,5
2025-05-22,ON,ACV007,243,3
2025-05-22,ON,ACV008,664,4
2025-05-22,ON,ACV009,1120,5
2025-05-22,ON,ACV010,404,4
2025-05-23,ON,ACV001,611,3
2025-05-23,ON,ACV002,599,4
2025-05-23,ON,ACV003,1004,4
2025-05-23,ON,ACV004,213,1
2025-05-23,ON,ACV005,389,3
2025-05-23,ON,ACV006,621,4
2025-05-23,ON,ACV007,366,4
2025-05-23,ON,ACV008,951,4
2025-05-23,ON,ACV009,996,5
2025-05-23,ON,ACV010,890,4
2025-05-24,ON,ACV001,967,3
2025-05-24,ON,ACV002,722,3
2025-05-24,ON,ACV003,945,4
2025-05-24,ON,ACV004,1073,4
2025-05-24,ON,ACV005,520,3
2025-05-24,ON,ACV006,590,4
2025-05-24,ON,ACV007,685,4
2025-05-24,ON,ACV008,976,4
2025-05-24,ON,ACV009,746,3
2025-05-24,ON,ACV010,780,4
2025-05-25,ON,ACV001,1068,4
2025-05-25,ON,ACV002,896,3
2025-05-25,ON,ACV003,1349,4
2025-05-25,ON,ACV004,980,4
2025-05-25,ON,ACV005,720,4
2025-05-25,ON,ACV006,166,2
2025-05-25,ON,ACV007,920,5
2025-05-25,ON,ACV008,1031,4
2025-05-25,ON,ACV009,1055,4
2025-05-25,ON,ACV010,907,4
2025-05-26,ON,ACV001,928,4
2025-05-26,ON,ACV002,1004,4
2025-05-26,ON,ACV003,518,2
2025-05-26,ON,ACV004,586,3
2025-05-26,ON,ACV005,684,4
2025-05-26,ON,ACV006,674,4
2025-05-26,ON,ACV007,553,4
2025-05-26,ON,ACV008,847,4
2025-05-26,ON,ACV009,385,3
2025-05-26,ON,ACV010,627,4
2025-05-27,ON,ACV001,837,4
2025-05-27,ON,ACV002,1084,4
2025-05-27,ON,ACV003,889,3
2025-05-27,ON,ACV004,575,3
2025-05-27,ON,ACV005,645,4
2025-05-27,ON,ACV006,981,4
2025-05-27,ON,ACV007,537,3
2025-05-27,ON,ACV008,857,4
2025-05-27,ON,ACV009,1429,5
2025-05-27,ON,ACV010,791,4
2025-05-28,ON,ACV001,855,4
2025-05-28,ON,ACV002,861,3
2025-05-28,ON,ACV003,1242,4
2025-05-28,ON,ACV004,613,3
2025-05-28,ON,ACV005,607,4
2025-05-28,ON,ACV006,639,3
2025-05-28,ON,ACV007,787,4
2025-05-28,ON,ACV008,930,5
2025-05-28,ON,ACV009,958,4
2025-05-28,ON,ACV010,570,3
2025-05-29,ON,ACV001,846,4
2025-05-29,ON,ACV002,1084,4
2025-05-29,ON,ACV003,1025,4
2025-05-29,ON,ACV004,595,4
2025-05-29,ON,ACV005,284,3
2025-05-29,ON,ACV006,640,4
2025-05-29,ON,ACV007,716,4
2025-05-29,ON,ACV008,614,3
2025-05-29,ON,ACV009,842,4
2025-05-29,ON,ACV010,792,4
2025-05-30,ON,ACV001,775,4
2025-05-30,ON,ACV002,831,3
2025-05-30,ON,ACV003,715,3
2025-05-30,ON,ACV004,630,3
2025-05-30,ON,ACV005,500,3
2025-05-30,ON,ACV006,722,3
2025-05-30,ON,ACV007,659,4
2025-05-30,ON,ACV008,620,3
2025-05-30,ON,ACV009,1170,4
2025-05-30,ON,ACV010,377,3
2025-05-31,ON,ACV001,571,3
2025-05-31,ON,ACV002,1161,4
2025-05-31,ON,ACV003,916,4
2025-05-31,ON,ACV004,895,4
2025-05-31,ON,ACV005,565,4
2025-05-31,ON,ACV006,621,3
2025-05-31,ON,ACV007,481,3
2025-05-31,ON,ACV008,973,5
2025-05-31,ON,ACV009,896,4
2025-05-31,ON,ACV010,889,5
2025-06-01,ON,ACV001,1057,4
2025-06-01,ON,ACV002,804,3
2025-06-01,ON,ACV003,996,4
2025-06-01,ON,ACV004,546,3
2025-06-01,ON,ACV005,697,4
2025-06-01,ON,ACV006,854,4
2025-06-01,ON,ACV007,680,4
2025-06-01,ON,ACV008,770,4
2025-06-01,ON,ACV009,857,3
2025-06-01,ON,ACV010,444,2
2025-06-02,ON,ACV001,783,3
2025-06-02,ON,ACV002,765,3
2025-06-02,ON,ACV003,647,3
2025-06-02,ON,ACV004,301,2
2025-06-02,ON,ACV005,372,2
2025-06-02,ON,ACV006,616,3
2025-06-02,ON,ACV007,389,2
2025-06-02,ON,ACV008,496,3
2025-06-02,ON,ACV009,663,3
2025-06-02,ON,ACV010,597,3
2025-06-03,ON,ACV001,526,3
2025-06-03,ON,ACV002,581,2
2025-06-03,ON,ACV003,686,3
2025-06-03,ON,ACV004,690,4
2025-06-03,ON,ACV005,447,4
2025-06-03,ON,ACV006,849,4
2025-06-03,ON,ACV007,658,4
2025-06-03,ON,ACV008,540,4
2025-06-03,ON,ACV009,807,4
2025-06-03,ON,ACV010,516,3
2025-06-04,ON,ACV002,121,2
2025-06-04,ON,ACV003,69,2
2025-06-04,ON,ACV004,92,1
2025-06-04,ON,ACV005,110,2
2025-06-04,ON,ACV006,110,2
2025-06-04,ON,ACV007,141,4
2025-06-04,ON,ACV008,94,3
2025-06-04,ON,ACV009,159,3
2025-06-04,ON,ACV010,81,2
2025-06-05,ON,ACV002,492,4
2025-06-05,ON,ACV003,33,2
2025-06-05,ON,ACV004,128,3
2025-06-05,ON,ACV005,128,5
2025-06-05,ON,ACV006,114,3
2025-06-05,ON,ACV007,25,2
2025-06-05,ON,ACV008,255,3
2025-06-05,ON,ACV009,251,4
2025-06-05,ON,ACV010,18,1
2025-06-06,ON,ACV001,627,3
2025-06-06,ON,ACV002,1135,4
2025-06-06,ON,ACV003,472,2
2025-06-06,ON,ACV004,1077,4
2025-06-06,ON,ACV005,406,3
2025-06-06,ON,ACV006,495,3
2025-06-06,ON,ACV007,581,3
2025-06-06,ON,ACV008,1018,4
2025-06-06,ON,ACV009,926,4
2025-06-06,ON,ACV010,453,2
2025-06-07,ON,ACV001,271,2
2025-06-07,ON,ACV002,790,3
2025-06-07,ON,ACV003,460,2
2025-06-07,ON,ACV004,477,3
2025-06-07,ON,ACV005,455,3
2025-06-07,ON,ACV006,457,4
2025-06-07,ON,ACV007,313,3
2025-06-07,ON,ACV008,510,2
2025-06-07,ON,ACV009,484,3
2025-06-07,ON,ACV010,348,3
2025-06-08,ON,ACV001,1474,4
2025-06-08,ON,ACV002,855,3
2025-06-08,ON,ACV003,724,3
2025-06-08,ON,ACV004,740,4
2025-06-08,ON,ACV005,595,4
2025-06-08,ON,ACV006,542,3
2025-06-08,ON,ACV007,663,3
2025-06-08,ON,ACV008,1055,4
2025-06-08,ON,ACV009,442,3
2025-06-08,ON,ACV010,446,3
2025-06-09,ON,ACV001,1059,3
2025-06-09,ON,ACV002,985,3
2025-06-09,ON,ACV003,1623,4
2025-06-09,ON,ACV004,579,3
2025-06-09,ON,ACV005,631,4
2025-06-09,ON,ACV006,1177,4
2025-06-09,ON,ACV007,528,4
2025-06-09,ON,ACV008,976,3
2025-06-09,ON,ACV009,910,4
2025-06-09,ON,ACV010,647,3
2025-06-10,OFF,ACV001,1031,4
2025-06-10,OFF,ACV006,602,3
2025-06-11,OFF,ACV001,1107,6
2025-06-11,OFF,ACV002,177,1
2025-06-11,OFF,ACV003,1072,5
2025-06-11,OFF,ACV004,685,4
2025-06-11,OFF,ACV005,342,3
2025-06-11,OFF,ACV006,1090,7
2025-06-11,OFF,ACV007,373,3
2025-06-11,OFF,ACV008,1500,8
2025-06-11,OFF,ACV009,1189,11
2025-06-11,OFF,ACV010,817,9
2025-06-12,OFF,ACV001,1028,7
2025-06-12,OFF,ACV002,1267,5
2025-06-12,OFF,ACV003,727,6
2025-06-12,OFF,ACV004,653,3
2025-06-12,OFF,ACV005,639,6
2025-06-12,OFF,ACV006,799,7
2025-06-12,OFF,ACV007,640,3
2025-06-12,OFF,ACV008,1594,9
2025-06-12,OFF,ACV009,830,11
2025-06-12,OFF,ACV010,1205,11
2025-06-13,OFF,ACV001,1346,10
2025-06-13,OFF,ACV002,1076,5
2025-06-13,OFF,ACV003,983,9
2025-06-13,OFF,ACV004,907,4
2025-06-13,OFF,ACV005,883,7
2025-06-13,OFF,ACV006,738,8
2025-06-13,OFF,ACV007,442,2
2025-06-13,OFF,ACV008,1099,6
2025-06-13,OFF,ACV009,798,9
2025-06-13,OFF,ACV010,1079,8
2025-06-14,OFF,ACV001,1420,7
2025-06-14,OFF,ACV002,1327,4
2025-06-14,OFF,ACV003,1099,4
2025-06-14,OFF,ACV004,559,3
2025-06-14,OFF,ACV005,878,4
2025-06-14,OFF,ACV006,858,7
2025-06-14,OFF,ACV007,390,1
2025-06-14,OFF,ACV008,741,4
2025-06-14,OFF,ACV009,536,6
2025-06-14,OFF,ACV010,1500,8
2025-06-15,OFF,ACV001,1377,8
2025-06-15,OFF,ACV002,1904,10
2025-06-15,OFF,ACV003,792,4
2025-06-15,OFF,ACV004,516,3
2025-06-15,OFF,ACV005,1048,4
2025-06-15,OFF,ACV006,458,4
2025-06-15,OFF,ACV007,673,2
2025-06-15,OFF,ACV008,767,5
2025-06-15,OFF,ACV009,658,6
2025-06-15,OFF,ACV010,1037,9
2025-06-16,OFF,ACV001,1239,10
2025-06-16,OFF,ACV002,566,3
2025-06-16,OFF,ACV003,1432,8
2025-06-16,OFF,ACV004,366,6
2025-06-16,OFF,ACV005,279,5
2025-06-16,OFF,ACV006,57,1
2025-06-16,OFF,ACV007,432,2
2025-06-16,OFF,ACV008,953,6
2025-06-16,OFF,ACV009,1467,9
2025-06-16,OFF,ACV010,882,6
2025-06-17,OFF,ACV001,968,5
2025-06-17,OFF,ACV002,1162,2
2025-06-17,OFF,ACV003,619,4
2025-06-17,OFF,ACV004,378,2
2025-06-17,OFF,ACV005,721,4
2025-06-17,OFF,ACV006,184,6
2025-06-17,OFF,ACV007,1160,3
2025-06-17,OFF,ACV008,623,4
2025-06-17,OFF,ACV009,1202,9
2025-06-17,OFF,ACV010,527,2
2025-06-18,OFF,ACV001,1485,4
2025-06-18,OFF,ACV002,1221,3
2025-06-18,OFF,ACV004,457,3
2025-06-18,OFF,ACV005,336,2
2025-06-18,OFF,ACV006,636,5
2025-06-18,OFF,ACV007,563,1
2025-06-18,OFF,ACV008,994,3
2025-06-18,OFF,ACV009,360,2
2025-06-18,OFF,ACV010,726,1
2025-06-19,OFF,ACV001,944,5
2025-06-19,OFF,ACV002,1064,3
2025-06-19,OFF,ACV003,568,2
2025-06-19,OFF,ACV004,661,4
2025-06-19,OFF,ACV005,975,4
2025-06-19,OFF,ACV006,382,4
2025-06-19,OFF,ACV007,1061,3
2025-06-19,OFF,ACV008,1210,5
2025-06-19,OFF,ACV009,1108,5
2025-06-19,OFF,ACV010,887,3
2025-06-20,OFF,ACV001,1025,6
2025-06-20,OFF,ACV002,484,2
2025-06-20,OFF,ACV003,1069,8
2025-06-20,OFF,ACV004,423,3
2025-06-20,OFF,ACV005,382,1
2025-06-20,OFF,ACV006,1614,9
2025-06-20,OFF,ACV007,65,3
2025-06-20,OFF,ACV008,456,4
2025-06-20,OFF,ACV009,1301,5
2025-06-20,OFF,ACV010,1636,5
2025-06-23,OFF,ACV002,45,1
2025-06-23,OFF,ACV004,118,4
2025-06-24,OFF,ACV001,685,6
2025-06-24,OFF,ACV002,688,2
2025-06-24,OFF,ACV003,677,5
2025-06-24,OFF,ACV004,109,2
2025-06-24,OFF,ACV005,268,7
2025-06-24,OFF,ACV006,96,3
2025-06-24,OFF,ACV007,140,2
2025-06-24,OFF,ACV008,419,5
2025-06-24,OFF,ACV009,701,6
2025-06-24,OFF,ACV010,187,7
2025-06-25,OFF,ACV001,1424,11
2025-06-25,OFF,ACV002,1042,3
2025-06-25,OFF,ACV003,926,8
2025-06-25,OFF,ACV004,500,4
2025-06-25,OFF,ACV005,640,3
2025-06-25,OFF,ACV006,1014,15
2025-06-25,OFF,ACV007,742,3
2025-06-25,OFF,ACV008,1388,6
2025-06-25,OFF,ACV009,583,7
2025-06-25,OFF,ACV010,975,13
2025-06-26,OFF,ACV001,962,7
2025-06-26,OFF,ACV002,1032,3
2025-06-26,OFF,ACV003,1498,9
2025-06-26,OFF,ACV004,742,4
2025-06-26,OFF,ACV005,670,4
2025-06-26,OFF,ACV006,588,9
2025-06-26,OFF,ACV007,1105,5
2025-06-26,OFF,ACV008,939,6
2025-06-26,OFF,ACV009,781,6
2025-06-26,OFF,ACV010,1284,9
2025-06-27,OFF,ACV001,1303,10
2025-06-27,OFF,ACV002,1460,4
2025-06-27,OFF,ACV003,868,8
2025-06-27,OFF,ACV004,802,6
2025-06-27,OFF,ACV005,963,4
2025-06-27,OFF,ACV006,429,6
2025-06-27,OFF,ACV007,547,2
2025-06-27,OFF,ACV008,1504,8
2025-06-27,OFF,ACV009,1131,9
2025-06-27,OFF,ACV010,1648,10
2025-06-28,OFF,ACV001,902,3
2025-06-28,OFF,ACV002,1544,4
2025-06-28,OFF,ACV003,959,6
2025-06-28,OFF,ACV004,462,3
2025-06-28,OFF,ACV005,819,4
2025-06-28,OFF,ACV006,470,7
2025-06-28,OFF,ACV007,635,2
2025-06-28,OFF,ACV008,1081,7
2025-06-28,OFF,ACV009,354,2
2025-06-28,OFF,ACV010,746,4
2025-06-29,OFF,ACV001,1639,8
2025-06-29,OFF,ACV002,827,2
2025-06-29,OFF,ACV003,1167,7
2025-06-29,OFF,ACV004,1044,5
2025-06-29,OFF,ACV005,620,2
2025-06-29,OFF,ACV006,700,6
2025-06-29,OFF,ACV007,575,2
2025-06-29,OFF,ACV008,642,5
2025-06-29,OFF,ACV009,1303,4
2025-06-29,OFF,ACV010,1908,12
2025-06-30,OFF,ACV001,963,5
2025-06-30,OFF,ACV002,1440,7
2025-06-30,OFF,ACV003,958,8
2025-06-30,OFF,ACV004,572,3
2025-06-30,OFF,ACV005,1123,4
2025-06-30,OFF,ACV006,559,5
2025-06-30,OFF,ACV007,1155,3
2025-06-30,OFF,ACV008,705,4
2025-06-30,OFF,ACV009,1154,5
2025-06-30,OFF,ACV010,1561,10
2025-07-01,OFF,ACV001,915,7
2025-07-01,OFF,ACV002,1104,5
2025-07-01,OFF,ACV003,652,3
2025-07-01,OFF,ACV004,590,5
2025-07-01,OFF,ACV005,672,3
2025-07-01,OFF,ACV006,316,3
2025-07-01,OFF,ACV007,872,3
2025-07-01,OFF,ACV008,458,3
2025-07-01,OFF,ACV009,1029,5
2025-07-01,OFF,ACV010,815,4
2025-07-02,OFF,ACV001,567,2
2025-07-02,OFF,ACV002,768,4
2025-07-02,OFF,ACV003,927,4
2025-07-02,OFF,ACV004,899,4
2025-07-02,OFF,ACV005,784,4
2025-07-08,OFF,ACV001,620,6
2025-07-08,OFF,ACV002,429,5
2025-07-08,OFF,ACV003,171,2
2025-07-08,OFF,ACV004,143,3
2025-07-08,OFF,ACV005,740,3
2025-07-08,OFF,ACV006,765,10
2025-07-08,OFF,ACV007,540,3
2025-07-08,OFF,ACV008,121,4
2025-07-08,OFF,ACV009,720,4
2025-07-08,OFF,ACV010,507,2
2025-07-09,OFF,ACV001,1563,9
2025-07-09,OFF,ACV002,403,4
2025-07-09,OFF,ACV003,962,6
2025-07-09,OFF,ACV004,930,3
2025-07-09,OFF,ACV005,469,4
2025-07-09,OFF,ACV006,979,14
2025-07-09,OFF,ACV007,664,2
2025-07-09,OFF,ACV008,643,6
2025-07-09,OFF,ACV009,756,3
2025-07-09,OFF,ACV010,2666,10
2025-07-10,OFF,ACV001,1009,6
2025-07-10,OFF,ACV002,504,4
2025-07-10,OFF,ACV003,1363,4
2025-07-10,OFF,ACV004,588,2
2025-07-10,OFF,ACV005,776,2
2025-07-10,OFF,ACV006,715,6
2025-07-10,OFF,ACV007,317,2
2025-07-10,OFF,ACV008,284,4
2025-07-10,OFF,ACV009,750,5
2025-07-10,OFF,ACV010,985,5
2025-07-11,OFF,ACV001,1063,4
2025-07-11,OFF,ACV002,1340,6
2025-07-11,OFF,ACV003,1489,4
2025-07-11,OFF,ACV004,1031,4
2025-07-11,OFF,ACV005,709,4
2025-07-11,OFF,ACV006,1219,9
2025-07-11,OFF,ACV007,550,3
2025-07-11,OFF,ACV008,720,8
2025-07-11,OFF,ACV009,1026,6
2025-07-11,OFF,ACV010,1192,11
2025-07-12,OFF,ACV001,1220,7
2025-07-12,OFF,ACV002,1532,8
2025-07-12,OFF,ACV003,1166,8
2025-07-12,OFF,ACV004,1183,4
2025-07-12,OFF,ACV005,1231,6
2025-07-12,OFF,ACV006,739,15
2025-07-12,OFF,ACV007,650,2
2025-07-12,OFF,ACV008,941,11
2025-07-12,OFF,ACV009,1160,10
2025-07-12,OFF,ACV010,1197,9
2025-07-13,OFF,ACV001,1429,5
2025-07-13,OFF,ACV002,914,9
2025-07-13,OFF,ACV003,1601,8
2025-07-13,OFF,ACV004,1076,4
2025-07-13,OFF,ACV005,795,4
2025-07-13,OFF,ACV006,770,13
2025-07-13,OFF,ACV007,1198,3
2025-07-13,OFF,ACV008,1466,11
2025-07-13,OFF,ACV009,567,5
2025-07-13,OFF,ACV010,1578,11
2025-07-14,OFF,ACV001,775,5
2025-07-14,OFF,ACV002,707,5
2025-07-14,OFF,ACV003,640,3
2025-07-14,OFF,ACV004,1000,4
2025-07-14,OFF,ACV005,928,7
2025-07-14,OFF,ACV006,382,8
2025-07-14,OFF,ACV007,784,5
2025-07-14,OFF,ACV008,883,9
2025-07-14,OFF,ACV009,887,7
2025-07-14,OFF,ACV010,779,4
2025-07-15,OFF,ACV001,1571,5
2025-07-15,OFF,ACV002,939,6
2025-07-15,OFF,ACV003,1209,6
2025-07-15,OFF,ACV004,936,5
2025-07-15,OFF,ACV005,910,4
2025-07-15,OFF,ACV006,535,10
2025-07-15,OFF,ACV007,387,3
2025-07-15,OFF,ACV008,819,11
2025-07-15,OFF,ACV009,629,8
2025-07-15,OFF,ACV010,891,6
2025-07-16,OFF,ACV001,947,6
2025-07-16,OFF,ACV002,1221,10
2025-07-16,OFF,ACV003,699,2
2025-07-16,OFF,ACV004,272,1
2025-07-16,OFF,ACV005,548,2
2025-07-16,OFF,ACV006,365,11
2025-07-16,OFF,ACV007,824,3
2025-07-16,OFF,ACV008,647,9
2025-07-16,OFF,ACV009,992,8
2025-07-16,OFF,ACV010,1508,10
2025-07-17,OFF,ACV001,1123,7
2025-07-17,OFF,ACV002,842,7
2025-07-17,OFF,ACV003,752,4
2025-07-17,OFF,ACV004,819,4
2025-07-17,OFF,ACV005,978,4
2025-07-17,OFF,ACV006,677,11
2025-07-17,OFF,ACV007,979,4
2025-07-17,OFF,ACV008,1350,10
2025-07-17,OFF,ACV009,659,6
2025-07-17,OFF,ACV010,1101,6
2025-07-18,OFF,ACV001,728,3
2025-07-18,OFF,ACV002,963,7
2025-07-18,OFF,ACV003,769,3
2025-07-18,OFF,ACV004,751,3
2025-07-18,OFF,ACV005,709,3
2025-07-18,OFF,ACV006,973,10
2025-07-18,OFF,ACV007,808,2
2025-07-18,OFF,ACV008,1098,8
2025-07-18,OFF,ACV009,768,8
2025-07-18,OFF,ACV010,582,5
2025-07-19,OFF,ACV001,1030,4
2025-07-19,OFF,ACV002,1218,6
2025-07-19,OFF,ACV003,760,2
2025-07-19,OFF,ACV004,890,3
2025-07-19,OFF,ACV005,852,3
2025-07-19,OFF,ACV006,1004,11
2025-07-19,OFF,ACV007,713,3
2025-07-19,OFF,ACV008,933,7
2025-07-19,OFF,ACV009,721,8
2025-07-19,OFF,ACV010,1321,9
2025-07-20,OFF,ACV001,506,5
2025-07-20,OFF,ACV002,1150,7
2025-07-20,OFF,ACV003,844,5
2025-07-20,OFF,ACV004,875,3
2025-07-20,OFF,ACV005,759,5
2025-07-20,OFF,ACV006,1142,11
2025-07-20,OFF,ACV007,592,2
2025-07-20,OFF,ACV008,713,7
2025-07-20,OFF,ACV009,1034,8
2025-07-20,OFF,ACV010,808,7
2025-07-21,OFF,ACV001,500,5
2025-07-21,OFF,ACV002,640,7
2025-07-21,OFF,ACV004,678,3
2025-07-21,OFF,ACV005,266,2
2025-07-21,OFF,ACV006,657,5
2025-07-21,OFF,ACV007,836,3
2025-07-21,OFF,ACV008,486,3
2025-07-21,OFF,ACV009,823,5
2025-07-21,OFF,ACV010,718,5
2025-07-25,OFF,ACV002,1417,6
2025-07-25,OFF,ACV003,1375,7
2025-07-25,OFF,ACV004,820,2
2025-07-25,OFF,ACV005,951,5
2025-07-25,OFF,ACV006,1266,8
2025-07-25,OFF,ACV007,1007,4
2025-07-25,OFF,ACV008,851,4
2025-07-25,OFF,ACV009,582,6
2025-07-25,OFF,ACV010,957,7
2025-07-26,OFF,ACV001,1485,5
2025-07-26,OFF,ACV002,1342,6
2025-07-26,OFF,ACV003,743,6
2025-07-26,OFF,ACV004,1392,4
2025-07-26,OFF,ACV005,686,3
2025-07-26,OFF,ACV006,901,5
2025-07-26,OFF,ACV007,825,2
2025-07-26,OFF,ACV008,1355,7
2025-07-26,OFF,ACV009,1019,8
2025-07-26,OFF,ACV010,1441,6
2025-07-27,OFF,ACV001,1893,6
2025-07-27,OFF,ACV002,1259,7
2025-07-27,OFF,ACV003,681,5
2025-07-27,OFF,ACV004,1380,4
2025-07-27,OFF,ACV005,812,4
2025-07-27,OFF,ACV006,927,6
2025-07-27,OFF,ACV007,1234,4
2025-07-27,OFF,ACV008,615,3
2025-07-27,OFF,ACV009,972,6
2025-07-27,OFF,ACV010,1341,6
2025-07-28,OFF,ACV001,1077,4
2025-07-28,OFF,ACV002,1360,12
2025-07-28,OFF,ACV003,722,6
2025-07-28,OFF,ACV004,421,2
2025-07-28,OFF,ACV005,310,2
2025-07-28,OFF,ACV006,866,8
2025-07-28,OFF,ACV007,474,2
2025-07-28,OFF,ACV008,958,6
2025-07-28,OFF,ACV009,867,4
2025-07-28,OFF,ACV010,678,6
2025-07-29,OFF,ACV001,709,4
2025-07-29,OFF,ACV002,849,7
2025-07-29,OFF,ACV003,751,5
2025-07-29,OFF,ACV004,917,3
2025-07-29,OFF,ACV005,892,4
2025-07-29,OFF,ACV006,586,7
2025-07-29,OFF,ACV007,1423,5
2025-07-29,OFF,ACV008,1207,4
2025-07-29,OFF,ACV009,990,9
2025-07-29,OFF,ACV010,850,9
2025-07-30,OFF,ACV001,1462,4
2025-07-30,OFF,ACV002,1014,7
2025-07-30,OFF,ACV003,994,5
2025-07-30,OFF,ACV004,720,2
2025-07-30,OFF,ACV005,791,3
2025-07-30,OFF,ACV006,715,4
2025-07-30,OFF,ACV007,577,4
2025-07-30,OFF,ACV008,1267,7
2025-07-30,OFF,ACV009,1153,7
2025-07-30,OFF,ACV010,654,5
2025-07-31,OFF,ACV001,876,3
2025-07-31,OFF,ACV002,1355,7
2025-07-31,OFF,ACV003,536,5
2025-07-31,OFF,ACV004,557,3
2025-07-31,OFF,ACV005,853,4
2025-07-31,OFF,ACV006,707,7
2025-07-31,OFF,ACV007,847,4
2025-07-31,OFF,ACV008,528,5
2025-07-31,OFF,ACV009,1230,7
2025-07-31,OFF,ACV010,468,6
2025-08-01,OFF,ACV001,873,2
2025-08-01,OFF,ACV003,61,1
2025-08-01,OFF,ACV004,513,2
2025-08-01,OFF,ACV005,363,1
2025-08-01,OFF,ACV008,598,4
2025-08-01,OFF,ACV009,406,3
2025-08-01,OFF,ACV010,755,2
2025-08-04,OFF,ACV001,56,3
2025-08-04,OFF,ACV002,398,6
2025-08-04,OFF,ACV003,15,1
2025-08-04,OFF,ACV004,21,2
2025-08-04,OFF,ACV006,25,1
2025-08-04,OFF,ACV007,48,1
2025-08-04,OFF,ACV008,40,1
2025-08-04,OFF,ACV009,35,1
2025-08-05,OFF,ACV001,767,7
2025-08-05,OFF,ACV002,443,5
2025-08-05,OFF,ACV003,156,3
2025-08-05,OFF,ACV004,445,4
2025-08-05,OFF,ACV005,270,3
2025-08-05,OFF,ACV006,546,7
2025-08-05,OFF,ACV007,429,3
2025-08-05,OFF,ACV008,196,3
2025-08-05,OFF,ACV009,471,5
2025-08-05,OFF,ACV010,231,4
2025-08-06,OFF,ACV001,1035,10
2025-08-06,OFF,ACV002,1134,6
2025-08-06,OFF,ACV003,461,5
2025-08-06,OFF,ACV004,811,5
2025-08-06,OFF,ACV005,764,5
2025-08-06,OFF,ACV006,787,9
2025-08-06,OFF,ACV007,813,4
2025-08-06,OFF,ACV008,526,5
2025-08-06,OFF,ACV009,563,5
2025-08-06,OFF,ACV010,1108,11
2025-08-07,OFF,ACV001,1508,9
2025-08-07,OFF,ACV002,1245,5
2025-08-07,OFF,ACV003,1416,5
2025-08-07,OFF,ACV004,607,3
2025-08-07,OFF,ACV005,609,3
2025-08-07,OFF,ACV006,786,7
2025-08-07,OFF,ACV007,198,2
2025-08-07,OFF,ACV008,641,3
2025-08-07,OFF,ACV009,574,4
2025-08-07,OFF,ACV010,838,6
2025-08-08,OFF,ACV008,758,5
2025-08-08,OFF,ACV009,812,5
2025-08-08,OFF,ACV010,1371,8
2025-08-09,OFF,ACV001,952,6
2025-08-09,OFF,ACV002,1468,9
2025-08-09,OFF,ACV003,1104,6
2025-08-09,OFF,ACV004,743,3
2025-08-09,OFF,ACV005,576,3
2025-08-09,OFF,ACV006,1018,8
2025-08-09,OFF,ACV007,526,3
2025-08-09,OFF,ACV008,542,6
2025-08-09,OFF,ACV009,709,7
2025-08-09,OFF,ACV010,1337,7
2025-08-10,OFF,ACV001,1447,9
2025-08-10,OFF,ACV002,913,5
2025-08-10,OFF,ACV003,723,5
2025-08-10,OFF,ACV004,1263,6
2025-08-10,OFF,ACV005,1197,7
2025-08-10,OFF,ACV006,1138,10
2025-08-10,OFF,ACV007,1437,4
2025-08-10,OFF,ACV008,929,6
2025-08-10,OFF,ACV009,925,8
2025-08-10,OFF,ACV010,860,5
2025-08-11,OFF,ACV001,727,4
2025-08-11,OFF,ACV002,760,9
2025-08-11,OFF,ACV003,915,9
2025-08-11,OFF,ACV004,891,6
2025-08-11,OFF,ACV005,709,5
2025-08-11,OFF,ACV006,1124,12
2025-08-11,OFF,ACV007,964,4
2025-08-11,OFF,ACV008,809,7
2025-08-11,OFF,ACV009,1133,11
2025-08-11,OFF,ACV010,978,9
2025-08-12,OFF,ACV001,871,6
2025-08-12,OFF,ACV002,743,7
2025-08-12,OFF,ACV003,811,5
2025-08-12,OFF,ACV004,502,5
2025-08-12,OFF,ACV005,402,3
2025-08-12,OFF,ACV006,636,10
2025-08-12,OFF,ACV007,749,6
2025-08-12,OFF,ACV008,675,6
2025-08-12,OFF,ACV009,612,9
2025-08-12,OFF,ACV010,1029,8
2025-08-13,OFF,ACV001,1314,7
2025-08-13,OFF,ACV002,459,7
2025-08-13,OFF,ACV003,1226,8
2025-08-13,OFF,ACV004,784,7
2025-08-13,OFF,ACV005,362,2
2025-08-13,OFF,ACV006,816,9
2025-08-13,OFF,ACV007,962,5
2025-08-13,OFF,ACV008,1507,10
2025-08-13,OFF,ACV009,1182,13
2025-08-13,OFF,ACV010,725,7
2025-08-14,OFF,ACV001,1238,6
2025-08-14,OFF,ACV002,801,7
2025-08-14,OFF,ACV003,1258,6
2025-08-14,OFF,ACV004,862,6
2025-08-14,OFF,ACV005,469,3
2025-08-14,OFF,ACV006,688,7
2025-08-14,OFF,ACV007,986,6
2025-08-14,OFF,ACV008,731,4
2025-08-14,OFF,ACV009,964,10
2025-08-14,OFF,ACV010,449,5
2025-08-15,OFF,ACV001,1543,8
2025-08-15,OFF,ACV002,855,10
2025-08-15,OFF,ACV003,777,5
2025-08-15,OFF,ACV004,915,7
2025-08-15,OFF,ACV005,760,5
2025-08-15,OFF,ACV006,773,9
2025-08-15,OFF,ACV007,1303,7
2025-08-15,OFF,ACV008,829,6
2025-08-15,OFF,ACV009,822,8
2025-08-15,OFF,ACV010,804,7
2025-08-16,OFF,ACV001,1314,7
2025-08-16,OFF,ACV002,959,17
2025-08-16,OFF,ACV003,1299,6
2025-08-16,OFF,ACV004,840,8
2025-08-16,OFF,ACV005,663,4
2025-08-16,OFF,ACV006,878,10
2025-08-16,OFF,ACV007,796,4
2025-08-16,OFF,ACV008,762,4
2025-08-16,OFF,ACV009,923,8
2025-08-16,OFF,ACV010,1180,6
2025-08-17,OFF,ACV001,1313,8
2025-08-17,OFF,ACV002,746,17
2025-08-17,OFF,ACV003,722,5
2025-08-17,OFF,ACV004,730,7
2025-08-17,OFF,ACV005,901,6
2025-08-17,OFF,ACV006,787,13
2025-08-17,OFF,ACV007,938,5
2025-08-17,OFF,ACV008,901,5
2025-08-17,OFF,ACV009,1178,9
2025-08-17,OFF,ACV010,1329,6
2025-08-18,OFF,ACV001,517,4
2025-08-18,OFF,ACV002,584,13
2025-08-18,OFF,ACV003,627,8
2025-08-18,OFF,ACV004,722,5
2025-08-18,OFF,ACV005,392,4
2025-08-18,OFF,ACV006,494,8
2025-08-18,OFF,ACV007,650,4
2025-08-18,OFF,ACV008,593,5
2025-08-18,OFF,ACV009,572,10
2025-08-18,OFF,ACV010,1218,11
2025-08-19,OFF,ACV001,595,4
2025-08-19,OFF,ACV002,1329,13
2025-08-19,OFF,ACV003,904,11
2025-08-19,OFF,ACV004,1286,7
2025-08-19,OFF,ACV005,558,5
2025-08-19,OFF,ACV006,626,12
2025-08-19,OFF,ACV007,848,5
2025-08-19,OFF,ACV008,928,6
2025-08-19,OFF,ACV009,822,12
2025-08-19,OFF,ACV010,903,10
2025-08-20,OFF,ACV001,594,3
2025-08-20,OFF,ACV002,898,8
2025-08-20,OFF,ACV003,1239,8
2025-08-20,OFF,ACV004,907,4
2025-08-20,OFF,ACV005,451,3
2025-08-20,OFF,ACV006,549,15
2025-08-20,OFF,ACV007,473,3
2025-08-20,OFF,ACV008,490,4
2025-08-20,OFF,ACV009,471,8
2025-08-20,OFF,ACV010,703,5
2025-08-21,OFF,ACV001,770,5
2025-08-21,OFF,ACV002,1104,14
2025-08-21,OFF,ACV003,756,7
2025-08-21,OFF,ACV004,1144,5
2025-08-21,OFF,ACV005,910,5
2025-08-21,OFF,ACV006,691,15
2025-08-21,OFF,ACV007,919,6
2025-08-21,OFF,ACV008,927,5
2025-08-21,OFF,ACV009,791,8
2025-08-21,OFF,ACV010,350,5
2025-08-22,OFF,ACV001,886,7
2025-08-22,OFF,ACV002,1012,11
2025-08-22,OFF,ACV003,658,9
2025-08-22,OFF,ACV004,518,2
2025-08-22,OFF,ACV005,589,4
2025-08-22,OFF,ACV006,730,12
2025-08-22,OFF,ACV007,933,6
2025-08-22,OFF,ACV008,628,7
2025-08-22,OFF,ACV009,1352,13
2025-08-22,OFF,ACV010,797,9
2025-08-23,OFF,ACV001,840,5
2025-08-23,OFF,ACV002,1176,9
2025-08-23,OFF,ACV003,719,7
2025-08-23,OFF,ACV004,791,4
2025-08-23,OFF,ACV005,667,4
2025-08-23,OFF,ACV006,531,10
2025-08-23,OFF,ACV007,978,5
2025-08-23,OFF,ACV008,578,5
2025-08-23,OFF,ACV009,1194,11
2025-08-23,OFF,ACV010,1182,12
2025-08-24,OFF,ACV001,1359,6
2025-08-24,OFF,ACV002,1399,10
2025-08-24,OFF,ACV003,681,9
2025-08-24,OFF,ACV004,1129,6
2025-08-24,OFF,ACV005,548,5
2025-08-24,OFF,ACV006,705,11
2025-08-24,OFF,ACV007,1126,6
2025-08-24,OFF,ACV008,1212,6
2025-08-24,OFF,ACV009,729,7
2025-08-24,OFF,ACV010,692,7
2025-08-25,OFF,ACV001,1158,7
2025-08-25,OFF,ACV002,671,13
2025-08-25,OFF,ACV003,1309,10
2025-08-25,OFF,ACV004,802,4
2025-08-25,OFF,ACV005,592,4
2025-08-25,OFF,ACV006,916,12
2025-08-25,OFF,ACV007,1142,7
2025-08-25,OFF,ACV008,766,5
2025-08-25,OFF,ACV009,1042,7
2025-08-25,OFF,ACV010,1065,7
2025-08-26,OFF,ACV001,964,5
2025-08-26,OFF,ACV002,1154,9
2025-08-26,OFF,ACV003,982,10
2025-08-26,OFF,ACV004,1025,5
2025-08-26,OFF,ACV005,786,6
2025-08-26,OFF,ACV006,906,8
2025-08-26,OFF,ACV007,1132,7
2025-08-26,OFF,ACV008,1274,5
2025-08-26,OFF,ACV009,927,10
2025-08-26,OFF,ACV010,1089,9
2025-08-27,OFF,ACV001,619,5
2025-08-27,OFF,ACV002,922,10
2025-08-27,OFF,ACV003,710,8
2025-08-27,OFF,ACV004,400,4
2025-08-27,OFF,ACV005,570,5
2025-08-27,OFF,ACV006,643,7
2025-08-27,OFF,ACV007,399,5
2025-08-27,OFF,ACV008,930,7
2025-08-27,OFF,ACV009,466,5
2025-08-27,OFF,ACV010,609,4
2025-08-28,OFF,ACV001,1199,4
2025-08-28,OFF,ACV002,716,4
2025-08-28,OFF,ACV004,583,4
2025-08-28,OFF,ACV005,651,3
2025-08-28,OFF,ACV006,673,5
2025-08-28,OFF,ACV007,692,4
2025-08-28,OFF,ACV008,488,3
2025-08-28,OFF,ACV009,1571,8
2025-08-28,OFF,ACV010,693,4
2025-08-28,ON,ACV001,1199,4
2025-08-28,ON,ACV002,716,4
2025-08-28,ON,ACV003,778,5
2025-08-28,ON,ACV004,583,4
2025-08-28,ON,ACV005,651,3
2025-08-28,ON,ACV006,673,5
2025-08-28,ON,ACV007,692,4
2025-08-28,ON,ACV008,488,3
2025-08-28,ON,ACV009,1571,8
2025-08-28,ON,ACV010,693,4
2025-08-29,ON,ACV001,529,2
2025-08-29,ON,ACV002,562,2
2025-08-29,ON,ACV003,279,1
2025-08-29,ON,ACV004,746,3
2025-08-29,ON,ACV005,445,2
2025-08-29,ON,ACV006,794,3
2025-08-29,ON,ACV007,293,1
2025-08-29,ON,ACV008,781,3
2025-08-29,ON,ACV009,732,2
2025-08-29,ON,ACV010,846,3
2025-08-30,ON,ACV001,689,2
2025-08-30,ON,ACV002,969,3
2025-08-30,ON,ACV003,934,3
2025-08-30,ON,ACV004,807,2
2025-08-30,ON,ACV005,564,2
2025-08-30,ON,ACV006,569,2
2025-08-30,ON,ACV007,693,3
2025-08-30,ON,ACV008,709,2
2025-08-30,ON,ACV009,697,2
2025-08-30,ON,ACV010,690,2
2025-08-31,ON,ACV001,890,2
2025-08-31,ON,ACV002,741,2
2025-08-31,ON,ACV003,761,2
2025-08-31,ON,ACV004,910,2
2025-08-31,ON,ACV005,790,3
2025-08-31,ON,ACV006,508,2
2025-08-31,ON,ACV007,486,2
2025-08-31,ON,ACV008,644,2
2025-08-31,ON,ACV009,1158,3
2025-08-31,ON,ACV010,1075,3
2025-09-01,ON,ACV001,728,2
2025-09-01,ON,ACV002,919,3
2025-09-01,ON,ACV003,602,2
2025-09-01,ON,ACV004,1278,3
2025-09-01,ON,ACV005,816,3
2025-09-01,ON,ACV006,855,3
2025-09-01,ON,ACV007,468,2
2025-09-01,ON,ACV008,863,3
2025-09-01,ON,ACV009,704,2
2025-09-01,ON,ACV010,659,2
2025-09-02,ON,ACV001,796,2
2025-09-02,ON,ACV002,676,2
2025-09-02,ON,ACV003,634,2
2025-09-02,ON,ACV004,644,2
2025-09-02,ON,ACV005,489,2
2025-09-02,ON,ACV006,595,2
2025-09-02,ON,ACV007,660,3
2025-09-02,ON,ACV008,481,2
2025-09-02,ON,ACV009,292,1
2025-09-02,ON,ACV010,623,2
2025-09-03,ON,ACV001,1319,3
2025-09-03,ON,ACV002,814,2
2025-09-03,ON,ACV003,1047,2
2025-09-03,ON,ACV004,890,2
2025-09-03,ON,ACV005,674,2
2025-09-03,ON,ACV006,915,3
2025-09-03,ON,ACV007,526,2
2025-09-03,ON,ACV008,571,2
2025-09-03,ON,ACV009,747,2
2025-09-03,ON,ACV010,661,2
2025-09-04,ON,ACV001,526,1
2025-09-04,ON,ACV002,849,2
2025-09-04,ON,ACV003,1062,2
2025-09-04,ON,ACV004,955,2
2025-09-04,ON,ACV005,750,2
2025-09-04,ON,ACV006,606,2
2025-09-04,ON,ACV007,546,2
2025-09-04,ON,ACV008,652,2
2025-09-04,ON,ACV009,710,2
2025-09-04,ON,ACV010,807,2
2025-09-05,ON,ACV001,948,2
2025-09-05,ON,ACV002,931,2
2025-09-05,ON,ACV003,992,2
2025-09-05,ON,ACV004,1102,2
2025-09-05,ON,ACV005,686,2
2025-09-05,ON,ACV006,462,2
2025-09-05,ON,ACV007,640,2
2025-09-05,ON,ACV008,657,2
2025-09-05,ON,ACV009,705,2
2025-09-05,ON,ACV010,522,2
2025-09-06,ON,ACV001,842,2
2025-09-06,ON,ACV002,905,2
2025-09-06,ON,ACV003,1051,2
2025-09-06,ON,ACV004,459,1
2025-09-06,ON,ACV005,635,2
2025-09-06,ON,ACV006,258,1
2025-09-06,ON,ACV007,324,1
2025-09-06,ON,ACV008,719,2
2025-09-06,ON,ACV009,743,2
2025-09-06,ON,ACV010,934,2
2025-09-07,ON,ACV001,938,2
2025-09-07,ON,ACV002,856,2
2025-09-07,ON,ACV003,1019,2
2025-09-07,ON,ACV004,924,2
2025-09-07,ON,ACV005,581,2
2025-09-07,ON,ACV006,530,2
2025-09-07,ON,ACV007,762,2
2025-09-07,ON,ACV008,674,2
2025-09-07,ON,ACV009,567,2
2025-09-07,ON,ACV010,724,2
2025-09-08,ON,ACV001,902,2
2025-09-08,ON,ACV002,811,2
2025-09-08,ON,ACV003,1059,2
2025-09-08,ON,ACV004,777,2
2025-09-08,ON,ACV005,633,2
2025-09-08,ON,ACV006,555,2
2025-09-08,ON,ACV007,683,2
2025-09-08,ON,ACV008,720,2
2025-09-08,ON,ACV009,628,2
2025-09-08,ON,ACV010,366,1
2025-09-09,ON,ACV001,993,2
2025-09-09,ON,ACV002,814,2
2025-09-09,ON,ACV003,422,1
2025-09-09,ON,ACV004,786,2
2025-09-09,ON,ACV005,723,2
2025-09-09,ON,ACV006,592,2
2025-09-09,ON,ACV007,566,2
2025-09-09,ON,ACV008,805,2
2025-09-09,ON,ACV009,245,1
2025-09-09,ON,ACV010,732,2
2025-09-10,ON,ACV001,454,1
2025-09-10,ON,ACV002,446,1
2025-09-10,ON,ACV003,802,2
2025-09-10,ON,ACV004,375,1
2025-09-10,ON,ACV005,284,1
2025-09-10,ON,ACV006,871,2
2025-09-10,ON,ACV007,345,1
2025-09-10,ON,ACV009,380,1
2025-09-10,ON,ACV010,530,1
2025-09-11,ON,ACV001,583,2
2025-09-11,ON,ACV002,367,2
2025-09-11,ON,ACV003,274,1
2025-09-11,ON,ACV004,312,1
2025-09-11,ON,ACV005,768,2
2025-09-11,ON,ACV006,419,1
2025-09-11,ON,ACV007,342,1
2025-09-11,ON,ACV008,543,1
2025-09-11,ON,ACV009,999,2
2025-09-11,ON,ACV010,872,1
2025-09-12,ON,ACV001,298,1
2025-09-12,ON,ACV002,484,2
2025-09-12,ON,ACV003,402,2
2025-09-12,ON,ACV004,490,2
2025-09-12,ON,ACV005,385,1
2025-09-12,ON,ACV006,1073,2
2025-09-12,ON,ACV007,932,2
2025-09-12,ON,ACV008,785,2
2025-09-12,ON,ACV009,904,2
2025-09-12,ON,ACV010,1119,2
2025-09-13,ON,ACV001,451,2
2025-09-13,ON,ACV002,293,1
2025-09-13,ON,ACV003,361,2
2025-09-13,ON,ACV004,516,2
2025-09-13,ON,ACV005,629,2
2025-09-13,ON,ACV006,913,2
2025-09-13,ON,ACV007,403,1
2025-09-13,ON,ACV008,888,2
2025-09-13,ON,ACV009,1089,2
2025-09-13,ON,ACV010,1235,2
2025-09-14,ON,ACV001,448,2
2025-09-14,ON,ACV002,514,2
2025-09-14,ON,ACV003,577,2
2025-09-14,ON,ACV004,343,1
2025-09-14,ON,ACV005,611,2
2025-09-14,ON,ACV006,447,1
2025-09-14,ON,ACV007,821,2
2025-09-14,ON,ACV008,834,2
2025-09-14,ON,ACV009,888,2
2025-09-14,ON,ACV010,1093,2
2025-09-15,ON,ACV001,165,1
2025-09-15,ON,ACV002,640,2
2025-09-15,ON,ACV004,467,2
2025-09-15,ON,ACV005,397,2
2025-09-15,ON,ACV006,920,2
2025-09-15,ON,ACV007,794,2
2025-09-15,ON,ACV008,886,2
2025-09-15,ON,ACV009,311,1
2025-09-15,ON,ACV010,1007,2
2025-09-16,ON,ACV001,362,2
2025-09-16,ON,ACV002,553,2
2025-09-16,ON,ACV003,603,2
2025-09-16,ON,ACV004,731,2
2025-09-16,ON,ACV005,428,2
2025-09-16,ON,ACV006,1024,2
2025-09-16,ON,ACV007,870,2
2025-09-16,ON,ACV008,486,1
2025-09-16,ON,ACV009,970,2
2025-09-16,ON,ACV010,1130,2
2025-09-17,ON,ACV001,563,2
2025-09-17,ON,ACV002,664,2
2025-09-17,ON,ACV003,613,2
2025-09-17,ON,ACV004,719,2
2025-09-17,ON,ACV005,117,1
2025-09-17,ON,ACV006,487,1
2025-09-17,ON,ACV007,387,1
2025-09-17,ON,ACV008,1003,2
2025-09-17,ON,ACV009,984,2
2025-09-17,ON,ACV010,1170,2
2025-09-18,ON,ACV001,469,2
2025-09-18,ON,ACV002,327,1
2025-09-18,ON,ACV004,341,1
2025-09-18,ON,ACV005,195,1
2025-09-18,ON,ACV006,989,2
2025-09-18,ON,ACV008,850,2
2025-09-18,ON,ACV009,963,2
2025-09-18,ON,ACV010,1091,2
2025-09-19,ON,ACV001,239,1
2025-09-19,ON,ACV002,681,2
2025-09-19,ON,ACV003,764,2
2025-09-19,ON,ACV004,734,2
2025-09-19,ON,ACV005,355,2
2025-09-19,ON,ACV006,877,2
2025-09-19,ON,ACV007,847,2
2025-09-19,ON,ACV008,916,2
2025-09-19,ON,ACV009,971,2
2025-09-19,ON,ACV010,519,1
2025-09-20,ON,ACV001,429,2
2025-09-20,ON,ACV002,859,2
2025-09-20,ON,ACV003,363,1
2025-09-20,ON,ACV004,858,2
2025-09-20,ON,ACV005,333,2
2025-09-20,ON,ACV006,907,2
2025-09-20,ON,ACV007,833,2
2025-09-20,ON,ACV008,900,2
2025-09-20,ON,ACV009,487,1
2025-09-20,ON,ACV010,1083,2
2025-09-21,ON,ACV001,460,2
2025-09-21,ON,ACV002,840,2
2025-09-21,ON,ACV003,516,2
2025-09-21,ON,ACV004,779,2
2025-09-21,ON,ACV005,309,2
2025-09-21,ON,ACV006,908,2
2025-09-21,ON,ACV007,371,1
2025-09-21,ON,ACV008,429,1
2025-09-21,ON,ACV009,885,2
2025-09-21,ON,ACV010,534,1
2025-09-22,ON,ACV001,444,2
2025-09-22,ON,ACV002,793,2
2025-09-22,ON,ACV003,632,2
2025-09-22,ON,ACV004,662,2
2025-09-22,ON,ACV005,337,2
2025-09-22,ON,ACV006,466,1
2025-09-22,ON,ACV007,711,2
2025-09-22,ON,ACV008,1019,2
2025-09-22,ON,ACV009,897,2
2025-09-22,ON,ACV010,1047,2
2025-09-23,ON,ACV001,127,1
2025-09-23,ON,ACV002,497,2
2025-09-23,ON,ACV003,519,2
2025-09-23,ON,ACV004,169,1
2025-09-23,ON,ACV005,245,2
2025-09-23,ON,ACV006,664,2
2025-09-23,ON,ACV007,599,2
2025-09-23,ON,ACV008,763,2
2025-09-23,ON,ACV009,810,2
2025-09-23,ON,ACV010,717,2
2025-09-24,ON,ACV001,371,2
2025-09-24,ON,ACV002,373,2
2025-09-24,ON,ACV003,309,2
2025-09-24,ON,ACV004,336,2
2025-09-24,ON,ACV005,352,2
2025-09-24,ON,ACV006,569,2
2025-09-24,ON,ACV007,516,2
2025-09-24,ON,ACV008,581,2
2025-09-24,ON,ACV009,643,2
2025-09-24,ON,ACV010,555,2
2025-09-25,ON,ACV001,540,2
2025-09-25,ON,ACV002,725,2
2025-09-25,ON,ACV003,441,2
2025-09-25,ON,ACV004,492,2
2025-09-25,ON,ACV005,449,2
2025-09-25,ON,ACV006,557,2
2025-09-25,ON,ACV007,329,1
2025-09-25,ON,ACV008,784,2
2025-09-25,ON,ACV009,710,2
2025-09-25,ON,ACV010,689,2
2025-09-26,ON,ACV001,445,2
2025-09-26,ON,ACV002,410,1
2025-09-26,ON,ACV003,566,2
2025-09-26,ON,ACV004,702,2
2025-09-26,ON,ACV005,555,2
2025-09-26,ON,ACV006,769,2
2025-09-26,ON,ACV007,772,2
2025-09-26,ON,ACV008,784,2
2025-09-26,ON,ACV009,791,2
2025-09-26,ON,ACV010,984,2
2025-09-27,ON,ACV001,387,2
2025-09-27,ON,ACV002,756,2
2025-09-27,ON,ACV003,560,2
2025-09-27,ON,ACV004,819,2
2025-09-27,ON,ACV005,295,1
2025-09-27,ON,ACV006,646,2
2025-09-27,ON,ACV007,731,2
2025-09-27,ON,ACV008,947,2
2025-09-27,ON,ACV009,901,2
2025-09-27,ON,ACV010,991,2
2025-09-28,ON,ACV001,501,2
2025-09-28,ON,ACV002,686,2
2025-09-28,ON,ACV003,575,2
2025-09-28,ON,ACV004,839,2
2025-09-28,ON,ACV005,535,2
2025-09-28,ON,ACV006,768,2
2025-09-28,ON,ACV007,879,2
2025-09-28,ON,ACV008,961,2
2025-09-28,ON,ACV009,887,2
2025-09-28,ON,ACV010,499,1
2025-09-29,ON,ACV002,771,2
2025-09-29,ON,ACV004,882,2
2025-09-29,ON,ACV005,480,2
2025-09-29,ON,ACV007,807,2
2025-09-29,ON,ACV010,878,2
